{
    "hack{aa": 0.0012431025505065918,
    "hack{aaaaaaa": 0.0008010625839233399,
    "hack{aaaaaaaaaaaaaaaaaaaaaaaa": 0.0008383035659790039,
    "hack{aaaaaaaaaaaaaaaaaaaaaaaaaaaaaaaaaaaa": 0.0008767843246459961,
    "hack{aaaaaaaaaaaaaa": 0.0007925987243652344,
    "hack{aaaaaaaaaaaaaaaaaaaaaaaaaaaaaaaaaa": 0.0008013129234313964,
    "hack{aaaaaaaaaaa": 0.0008112549781799317,
    "hack{aaaaaaaaaaaaaaaaaaaaaaaaaaaaaaaaaaaaaa": 0.0009061813354492188,
    "hack{aaaaaaaaaaaaaaaaaaaaaaaaaaaaaaaaa": 0.0008327960968017578,
    "hack{aaaaaaaaaaaaaaaaaaa": 0.000814354419708252,
    "hack{": 0.0009499907493591309,
    "hack{aaaaaaaaaaaaaaaaaaaaaaaaaaaaaaaaaaaaaaaaaa": 0.0009130716323852539,
    "hack{aaaaaaaaaaaaaaaaaaaaaa": 0.0008330702781677246,
    "hack{aaaaaaaaaaaaaaaaaaaa": 0.0008049726486206055,
    "hack{aaaaaaaaaaaaaaaaaaaaaaaaaaaaaaaaaaaaaaa": 0.0008152484893798828,
    "hack{aaaaaaaaaaaaa": 0.0008518457412719727,
    "hack{a": 0.0007845401763916015,
    "hack{aaaaaaaaaa": 0.0009327292442321778,
    "hack{aaaaaaaaaaaaaaaaaaaaaaaaaaaa": 0.0008254766464233399,
    "hack{aaaa": 0.0008045673370361328,
    "hack{aaaaaaaa": 0.000831151008605957,
    "hack{aaaaaaaaaaaaaaaaaaaaa": 0.0007997393608093262,
    "hack{aaaaaaaaaaaaaaaaa": 0.0009285807609558105,
    "hack{aaaaaaaaaaaaaaaaaaaaaaaaa": 0.0008341193199157715,
    "hack{aaaaaaaaaaaaaaaaaaaaaaaaaaaaaaaa": 0.0008112788200378418,
    "hack{aaaaaaaaa": 0.0008152604103088378,
    "hack{aaa": 0.0008566737174987793,
    "hack{aaaaaaaaaaaaaaaaaaaaaaaaaaaaaaaaaaaaa": 0.0008094429969787598,
    "hack{aaaaa": 0.0008100628852844238,
    "hack{aaaaaaaaaaaaaaaaaaaaaaaaaaaaaaaaaaa": 0.0008337378501892089,
    "hack{aaaaaaaaaaaaaaaaaaaaaaaaaa": 0.0009154796600341797,
    "hack{aaaaaa": 0.0008485078811645508,
    "hack{aaaaaaaaaaaaaaaaaaaaaaaaaaaaaaa": 0.0013232946395874024,
    "hack{aaaaaaaaaaaaaaaaaaaaaaa": 0.0009058594703674316,
    "hack{aaaaaaaaaaaaaaaaaaaaaaaaaaa": 0.0008017778396606446,
    "hack{aaaaaaaaaaaaaaa": 0.0008081197738647461,
    "hack{aaaaaaaaaaaaaaaaaaaaaaaaaaaaa": 0.0008268952369689941,
    "hack{aaaaaaaaaaaaaaaaaaaaaaaaaaaaaa": 0.0007901549339294434,
    "hack{aaaaaaaaaaaaaaaaaa": 0.0007897138595581055,
    "hack{aaaaaaaaaaaaaaaa": 0.0009501934051513672,
    "hack{aaaaaaaaaaaa": 0.0008160591125488282,
    "hack{aaaaaaaaaaaaaaaaaaaaaaaaaaaaaaaaaaaaaaaa": 0.0008527636528015137,
    "hack{aaaaaaaaaaaaaaaaaaaaaaaaaaaaaaaaaaaaaaaaa": 0.0008336782455444336
}
